name,wins,losses,rank,rank_value,progression_list
Hunter,39,24,unranked,1.625,6-1.4444444444444444-1.1875-1.5-1.625
Tim,12,11,unranked,1.0909090909090908,0.6666666666666666-0.6-1.0909090909090908
Jessica,22,11,unranked,2.0,1.0-1.7142857142857142-2.0
Harsha,32,25,unranked,1.28,0.25-0.9090909090909091-1.25-1.2173913043478262-1.28
